1,2026-09-26,t,2026-09-26 18:55:02.960259+05:30,t,t,8
2,2026-09-26,t,2026-09-26 18:55:06.820414+05:30,t,t,6
3,2026-09-26,t,2026-09-26 18:55:10.093258+05:30,t,t,17
4,2026-09-26,t,2026-09-26 18:55:14.329608+05:30,t,t,10
5,2026-09-26,t,2026-09-26 18:55:18.368536+05:30,t,t,11
6,2026-09-26,t,2026-09-26 18:55:24.333736+05:30,t,t,12
7,2026-09-26,t,2026-09-26 18:55:28.94973+05:30,t,t,20
8,2026-09-26,t,2026-09-26 18:55:33.129271+05:30,t,t,7
9,2026-09-26,t,2026-09-26 18:55:37.85187+05:30,t,t,14
10,2026-09-26,t,2026-09-26 18:55:44.067581+05:30,t,t,2
11,2026-09-26,t,2026-09-26 18:55:47.181123+05:30,t,t,18
12,2026-09-26,t,2026-09-26 18:55:51.122597+05:30,t,t,1
13,2026-09-26,t,2026-09-26 18:55:55.181207+05:30,t,t,4
14,2026-09-26,t,2026-09-26 18:56:33.657517+05:30,t,t,9
15,2026-09-26,t,2026-09-26 18:56:40.374146+05:30,t,t,19
16,2026-09-26,t,2026-09-26 18:56:44.09338+05:30,t,t,21
17,2026-09-26,t,2026-09-26 18:56:50.051624+05:30,t,t,15
18,2026-09-26,t,2026-09-26 18:56:53.779393+05:30,t,t,5
19,2026-09-26,t,2026-09-26 18:56:56.845829+05:30,t,t,22
20,2026-09-26,t,2026-09-26 18:57:01.948867+05:30,t,t,16
21,2026-09-26,t,2026-09-26 18:57:06.192451+05:30,t,t,13
22,2026-09-26,t,2026-09-26 18:57:10.596424+05:30,t,t,3
23,2026-09-26,t,2026-09-26 19:01:01.762244+05:30,t,t,24
24,2026-09-26,t,2026-09-26 19:01:05.095318+05:30,t,t,23
25,2026-09-26,t,2026-09-26 19:01:09.918525+05:30,t,t,25
26,2026-09-26,t,2026-09-26 19:04:33.384232+05:30,t,t,27
27,2026-09-26,t,2026-09-26 19:04:40.173633+05:30,t,t,28
28,2026-09-26,t,2026-09-26 19:04:44.705227+05:30,t,t,26
