1,2026-09-26 18:38:14.073245+05:30,2026-09-26 18:38:14.072253+05:30,100,Manu Kumar  Registered,increment,1
2,2026-09-26 18:38:47.557964+05:30,2026-09-26 18:38:47.556961+05:30,100,Khushal S  Registered,increment,2
3,2026-09-26 18:39:42.183902+05:30,2026-09-26 18:39:42.1829+05:30,100,Y. jaswin Reddy Registered,increment,3
4,2026-09-26 18:40:23.0911+05:30,2026-09-26 18:40:23.090283+05:30,100,Manvit N Registered,increment,4
5,2026-09-26 18:40:46.39686+05:30,2026-09-26 18:40:46.395859+05:30,100,Satvik N  Registered,increment,5
6,2026-09-26 18:41:38.313647+05:30,2026-09-26 18:41:38.313647+05:30,100,Danish BR Registered,increment,6
7,2026-09-26 18:42:22.236113+05:30,2026-09-26 18:42:22.236113+05:30,100,K Gautham  Registered,increment,7
8,2026-09-26 18:43:13.486212+05:30,2026-09-26 18:43:13.485208+05:30,100,Abhishek B Registered,increment,8
9,2026-09-26 18:43:35.528322+05:30,2026-09-26 18:43:35.527328+05:30,100,Manvit Nayak  Registered,increment,9
10,2026-09-26 18:43:57.313858+05:30,2026-09-26 18:43:57.312858+05:30,100,Dhanush K  Registered,increment,10
11,2026-09-26 18:44:30.52557+05:30,2026-09-26 18:44:30.524607+05:30,100,Dharmansh  Registered,increment,11
12,2026-09-26 18:44:59.350062+05:30,2026-09-26 18:44:59.350062+05:30,100,Giridhar Reddy  Registered,increment,12
13,2026-09-26 18:45:44.327434+05:30,2026-09-26 18:45:44.327434+05:30,100,Uday Kiran R  Registered,increment,13
14,2026-09-26 18:46:06.715708+05:30,2026-09-26 18:46:06.714712+05:30,100,K Rohit Registered,increment,14
15,2026-09-26 18:48:16.139602+05:30,2026-09-26 18:48:16.139602+05:30,100,S B Revanth Sai  Registered,increment,15
16,2026-09-26 18:49:23.553924+05:30,2026-09-26 18:49:23.552926+05:30,100,Tarun B Registered,increment,16
17,2026-09-26 18:49:59.834103+05:30,2026-09-26 18:49:59.834103+05:30,100,Deepesh  Registered,increment,17
18,2026-09-26 18:50:10.042171+05:30,2026-09-26 18:50:10.042171+05:30,100,Litesh Registered,increment,18
19,2026-09-26 18:51:21.965049+05:30,2026-09-26 18:51:21.965049+05:30,100,Rishank Reddy Registered,increment,19
20,2026-09-26 18:52:12.117844+05:30,2026-09-26 18:52:12.115691+05:30,100,Jithin Krishna M Registered,increment,20
21,2026-09-26 18:53:22.466109+05:30,2026-09-26 18:53:22.465102+05:30,100,Rithan SJ Registered,increment,21
22,2026-09-26 18:54:54.503483+05:30,2026-09-26 18:54:54.500748+05:30,100,Shivamani B Registered,increment,22
23,2026-09-26 18:55:02.973262+05:30,2026-09-26 18:55:02.973262+05:30,100,Abhishek B Attended sabha on 2026-09-26,increment,8
24,2026-09-26 18:55:06.827444+05:30,2026-09-26 18:55:06.827444+05:30,100,Danish BR Attended sabha on 2026-09-26,increment,6
25,2026-09-26 18:55:10.10205+05:30,2026-09-26 18:55:10.10205+05:30,100,Deepesh  Attended sabha on 2026-09-26,increment,17
26,2026-09-26 18:55:14.33563+05:30,2026-09-26 18:55:14.334632+05:30,100,Dhanush K  Attended sabha on 2026-09-26,increment,10
27,2026-09-26 18:55:18.378074+05:30,2026-09-26 18:55:18.376052+05:30,100,Dharmansh  Attended sabha on 2026-09-26,increment,11
28,2026-09-26 18:55:24.342728+05:30,2026-09-26 18:55:24.342728+05:30,100,Giridhar Reddy  Attended sabha on 2026-09-26,increment,12
29,2026-09-26 18:55:28.956734+05:30,2026-09-26 18:55:28.954732+05:30,100,Jithin Krishna M Attended sabha on 2026-09-26,increment,20
30,2026-09-26 18:55:33.133276+05:30,2026-09-26 18:55:33.133276+05:30,100,K Gautham  Attended sabha on 2026-09-26,increment,7
31,2026-09-26 18:55:37.855851+05:30,2026-09-26 18:55:37.854859+05:30,100,K Rohit Attended sabha on 2026-09-26,increment,14
32,2026-09-26 18:55:44.072583+05:30,2026-09-26 18:55:44.071583+05:30,100,Khushal S  Attended sabha on 2026-09-26,increment,2
33,2026-09-26 18:55:47.187113+05:30,2026-09-26 18:55:47.186124+05:30,100,Litesh Attended sabha on 2026-09-26,increment,18
34,2026-09-26 18:55:51.127601+05:30,2026-09-26 18:55:51.126609+05:30,100,Manu Kumar  Attended sabha on 2026-09-26,increment,1
35,2026-09-26 18:55:55.185599+05:30,2026-09-26 18:55:55.185599+05:30,100,Manvit N Attended sabha on 2026-09-26,increment,4
36,2026-09-26 18:56:33.663508+05:30,2026-09-26 18:56:33.66051+05:30,100,Manvit Nayak  Attended sabha on 2026-09-26,increment,9
37,2026-09-26 18:56:40.378186+05:30,2026-09-26 18:56:40.377163+05:30,100,Rishank Reddy Attended sabha on 2026-09-26,increment,19
38,2026-09-26 18:56:44.098392+05:30,2026-09-26 18:56:44.097389+05:30,100,Rithan SJ Attended sabha on 2026-09-26,increment,21
39,2026-09-26 18:56:50.056638+05:30,2026-09-26 18:56:50.055632+05:30,100,S B Revanth Sai  Attended sabha on 2026-09-26,increment,15
40,2026-09-26 18:56:53.783402+05:30,2026-09-26 18:56:53.783402+05:30,100,Satvik N  Attended sabha on 2026-09-26,increment,5
41,2026-09-26 18:56:56.849846+05:30,2026-09-26 18:56:56.848839+05:30,100,Shivamani B Attended sabha on 2026-09-26,increment,22
42,2026-09-26 18:57:01.953866+05:30,2026-09-26 18:57:01.952853+05:30,100,Tarun B Attended sabha on 2026-09-26,increment,16
43,2026-09-26 18:57:06.197453+05:30,2026-09-26 18:57:06.195452+05:30,100,Uday Kiran R  Attended sabha on 2026-09-26,increment,13
44,2026-09-26 18:57:10.600413+05:30,2026-09-26 18:57:10.600413+05:30,100,Y. jaswin Reddy Attended sabha on 2026-09-26,increment,3
45,2026-09-26 18:58:11.94934+05:30,2026-09-26 18:58:11.947714+05:30,100,sam jaylena  Registered,increment,23
46,2026-09-26 18:59:49.316854+05:30,2026-09-26 18:59:49.316854+05:30,100,Sai vihaan  Registered,increment,24
47,2026-09-26 19:00:42.212904+05:30,2026-09-26 19:00:42.212904+05:30,100,Pranshu  Registered,increment,25
48,2026-09-26 19:01:01.770238+05:30,2026-09-26 19:01:01.769241+05:30,100,Sai vihaan  Attended sabha on 2026-09-26,increment,24
49,2026-09-26 19:01:05.102361+05:30,2026-09-26 19:01:05.102361+05:30,100,sam jaylena  Attended sabha on 2026-09-26,increment,23
50,2026-09-26 19:01:09.918525+05:30,2026-09-26 19:01:09.918525+05:30,100,Pranshu  Attended sabha on 2026-09-26,increment,25
51,2026-09-26 19:02:17.801675+05:30,2026-09-26 19:02:17.801126+05:30,100,Manoj Kumar  Registered,increment,26
52,2026-09-26 19:03:29.487444+05:30,2026-09-26 19:03:29.487444+05:30,100,Chirag BV  Registered,increment,27
53,2026-09-26 19:04:13.785929+05:30,2026-09-26 19:04:13.784945+05:30,100,Kaushik Reddy  Registered,increment,28
54,2026-09-26 19:04:33.390225+05:30,2026-09-26 19:04:33.389222+05:30,100,Chirag BV  Attended sabha on 2026-09-26,increment,27
55,2026-09-26 19:04:40.178649+05:30,2026-09-26 19:04:40.178649+05:30,100,Kaushik Reddy  Attended sabha on 2026-09-26,increment,28
56,2026-09-26 19:04:44.710248+05:30,2026-09-26 19:04:44.710248+05:30,100,Manoj Kumar  Attended sabha on 2026-09-26,increment,26
57,2026-09-26 19:36:34.400676+05:30,2026-09-26 19:36:34.400676+05:30,200,He was Shouting,decrement,14
58,2026-09-26 19:37:11.761352+05:30,2026-09-26 19:37:11.761352+05:30,200,It Is testing,increment,14
