5,t,"",2026-09-26 18:40:46.38686+05:30,"",Satvik N ,9743737178,"",2026-09-26 18:40:46.38686+05:30,
6,t,"",2026-09-26 18:41:38.306647+05:30,"",Danish BR,9113929467,"",2026-09-26 18:41:38.306647+05:30,
14,t,"",2026-09-26 18:46:06.709684+05:30,"",K Rohit,7981882928,"",2026-09-26 18:46:06.709684+05:30,
22,t,"",2026-09-26 18:54:54.494623+05:30,"",Shivamani B,7204937248,"",2026-09-26 18:54:54.494623+05:30,
15,t,"",2026-09-26 18:48:16.134355+05:30,"",S B Revanth Sai ,9620024113,"",2026-09-26 18:48:16.134355+05:30,2
16,t,"",2026-09-26 18:49:23.549424+05:30,"",Tarun B,9606497259,"",2026-09-26 18:49:23.549424+05:30,2
17,t,"",2026-09-26 18:49:59.830102+05:30,"",Deepesh ,9390963590,"",2026-09-26 18:49:59.830102+05:30,2
18,t,"",2026-09-26 18:50:10.035555+05:30,"",Litesh,9390963590,"",2026-09-26 18:50:10.035555+05:30,2
19,t,"",2026-09-26 18:51:21.955035+05:30,"",Rishank Reddy,9100005567,"",2026-09-26 18:51:21.955035+05:30,2
20,t,"",2026-09-26 18:52:12.109495+05:30,"",Jithin Krishna M,9148866543,"",2026-09-26 18:52:12.109495+05:30,2
21,t,"",2026-09-26 18:53:22.460102+05:30,"",Rithan SJ,9945879110,"",2026-09-26 18:53:22.460102+05:30,2
9,t,"",2026-09-26 18:43:35.520321+05:30,"",Manvit Nayak ,9008839374,"",2026-09-26 18:43:35.520321+05:30,4
10,t,"",2026-09-26 18:43:57.307873+05:30,"",Dhanush K ,7981882928,"",2026-09-26 18:43:57.307873+05:30,4
11,t,"",2026-09-26 18:44:30.520578+05:30,"",Dharmansh ,9825976594,"",2026-09-26 18:44:30.520578+05:30,4
12,t,"",2026-09-26 18:44:59.344067+05:30,"",Giridhar Reddy ,9035038564,"",2026-09-26 18:44:59.344067+05:30,4
13,t,"",2026-09-26 18:45:44.322438+05:30,"",Uday Kiran R ,8951243042,"",2026-09-26 18:45:44.322438+05:30,4
25,t,"",2026-09-26 19:00:42.208897+05:30,"",Pranshu ,9540868960,"",2026-09-26 19:00:42.208897+05:30,3
7,t,"",2026-09-26 18:42:22.221326+05:30,"",K Gautham ,9986468725,"",2026-09-26 18:42:22.221326+05:30,3
8,t,"",2026-09-26 18:43:13.481208+05:30,"",Abhishek B,9901709936,"",2026-09-26 18:43:13.481208+05:30,3
23,t,"",2026-09-26 18:58:11.939046+05:30,"",sam jaylena ,9902407150,"",2026-09-26 18:58:11.939046+05:30,3
24,t,"",2026-09-26 18:59:49.305845+05:30,"",Sai vihaan ,9742812999,"",2026-09-26 18:59:49.305845+05:30,3
26,t,"",2026-09-26 19:02:17.790628+05:30,"",Manoj Kumar ,9743599991,"",2026-09-26 19:02:17.790628+05:30,3
28,t,"",2026-09-26 19:04:13.779932+05:30,"",Kaushik Reddy ,9611961026,"",2026-09-26 19:04:13.779932+05:30,3
27,t,"",2026-09-26 19:03:29.482469+05:30,"",Chirag BV ,9035470065,"",2026-09-26 19:03:29.482469+05:30,1
1,t,"",2026-09-26 18:38:13.985471+05:30,"",Manu Kumar ,0000000000,"",2026-09-26 18:38:13.985471+05:30,1
2,t,"",2026-09-26 18:38:47.550965+05:30,"",Khushal S ,9986641043,"",2026-09-26 18:38:47.550965+05:30,1
3,t,"",2026-09-26 18:39:42.176898+05:30,"",Y. jaswin Reddy,8088581285,"",2026-09-26 18:39:42.176898+05:30,1
4,t,"",2026-09-26 18:40:23.084279+05:30,"",Manvit N,7026733972,"",2026-09-26 18:40:23.084279+05:30,1
